refs,qty_per_board,value,footprint,manufacturer,mpn,schematic_pn,mouser_pn,mouser_mpn,lifecycle,stock,min,mult,order_5,unit_5,ext_5,order_10,unit_10,ext_10,notes
R17,1,0R,R_0402_1005Metric,YAGEO,0402WGF0000TCE,303-0402WGF0000TCE,603-RC0402JR-070RL,RC0402JR-070RL,,3982778,1,1,15,0.0060,0.09,20,0.0060,0.12,SUBSTITUTE: UniOhm 0402WGF0000TCE is 10k-reel-only on Mouser; 1% 0402 thick-film equivalent
R10 R11 R15 R16 R33 R38 R45 R5 R50 R51 R6 R63 R7 R8 R9,15,100R,R_0402_1005Metric,YAGEO,0402WGF1000TCE,303-0402WGF1000TCE,603-RC0402FR-07100RL,RC0402FR-07100RL,,7434573,1,1,100,0.0060,0.60,165,0.0060,0.99,SUBSTITUTE: UniOhm 0402WGF1000TCE is 10k-reel-only on Mouser; 1% 0402 thick-film equivalent
R12 R13 R18 R19 R20 R3 R30 R4 R54 R55 R56 R58 R59 R62 R65 R67,16,100k,R_0402_1005Metric,YAGEO,0402WGF1003TCE,303-0402WGF1003TCE,603-RC0402FR-07100KL,RC0402FR-07100KL,,5896576,1,1,100,0.0070,0.70,176,0.0070,1.23,SUBSTITUTE: UniOhm 0402WGF1003TCE is 10k-reel-only on Mouser; 1% 0402 thick-film equivalent
C10 C13 C21 C22 C23 C24 C25 C32 C33 C34 C35 C38 C49 C5 C57 C59 C6 C60 C62 C63 C64 C65 C7 C72 C73 C78 C79 C8 C80 C81 C9 C93 C95,33,100n,C_0402_1005Metric,Samsung Electro-Mechanics,CL05B104KO5NNNC,187-CL05B104KO5NNNC,187-CL05B104KO5NNNC,CL05B104KO5NNNC,,38781,1,1,182,0.0160,2.91,500,0.0110,5.50,
C14 C55 C91 C92,4,100p,C_0402_1005Metric,YAGEO,GRM1555C1H101JA01D,81-GRM1555C1H101JA1D,603-CC402JRNPO9BN101,CC0402JRNPO9BN101,,1177118,1,1,30,0.0250,0.75,50,0.0170,0.85,SUBSTITUTE: 100 pF C0G 5% 0402 (Murata GRM1555C1H101JA01D: 0 stock)
R37,1,10R,R_0402_1005Metric,YAGEO,0402WGF100JTCE,303-0402WGF100JTCE,603-RC0402FR-0710RL,RC0402FR-0710RL,,1245375,1,1,15,0.0140,0.21,20,0.0140,0.28,SUBSTITUTE: UniOhm 0402WGF100JTCE is 10k-reel-only on Mouser; 1% 0402 thick-film equivalent
R34 R36 R70,3,10k,R_0402_1005Metric,YAGEO,0402WGF1002TCE,303-0402WGF1002TCE,603-RC0402FR-0710KL,RC0402FR-0710KL,,17007105,1,1,25,0.0090,0.22,40,0.0090,0.36,SUBSTITUTE: UniOhm 0402WGF1002TCE is 10k-reel-only on Mouser; 1% 0402 thick-film equivalent
C1 C2 C3 C4 C61,5,10n,C_0402_1005Metric,Samsung Electro-Mechanics,CL05B103KO5NNNC,187-CL05B103KO5NNNC,187-CL05B103KO5NNNC,CL05B103KO5NNNC,,423566,1,1,50,0.0150,0.75,60,0.0150,0.90,
L8,1,10n,L_0402_1005Metric,Murata Electronics,LQG15HH10NJ02D,81-LQG15HH10NJ02D,81-LQG15HH10NJ02D,LQG15HH10NJ02D,,7560,1,1,15,0.1020,1.53,20,0.1020,2.04,
C44 C46 C51 C53,4,10u,C_0402_1005Metric,YAGEO,CL05A106MQ5NUNC,187-CL05A106MQ5NUNC,603-CC0402MPX5R5B106,CC0402MPX5R5BB106,,40896,1,1,30,0.1100,3.30,50,0.1100,5.50,"SUBSTITUTE: 10 uF 6.3 V X5R 0402, 20% (original Samsung CL05A106MQ5NUNC: 0 stock, 365-day lead)"
C18 C70 C71 C74 C75 C76 C77 C82 C83 C84 C85 C86 C87 C89 C90 C94,16,10u,C_0805_2012Metric,Samsung Electro-Mechanics,CL21A106KBYQNNE,187-CL21A106KBYQNNE,187-CL21A106KBYQNNE,CL21A106KBYQNNE,,8165,1,1,88,0.5220,45.94,176,0.4640,81.66,
Y2,1,12.0M,Oscillator_SMD_ECS_2520MV-xxx-xx-4Pin_2.5x2.0mm,ECS,ECS-2520MV-120-BN-TR,520-2520MV-120-BN-T,520-2520MV-120-BN-T,ECS-2520MV-120-BN-TR,,6174,1,1,7,1.2400,8.68,12,0.9750,11.70,
FB4 FB5,2,120R,L_0805_2012Metric,Murata Electronics,BLM21PG121SN1D,81-BLM21P121SG,81-BLM21PG121SN1D,BLM21PG121SN1D,,194677,1,1,15,0.0860,1.29,25,0.0740,1.85,Schematic PN 81-BLM21P121SG is not a Mouser number
R66,1,127k,R_0402_1005Metric,Panasonic Industry,0402WGF1273TCE,303-0402WGF1273TCE,667-ERJ-2RKF1273X,ERJ-2RKF1273X,,31219,1,1,15,0.0190,0.28,20,0.0190,0.38,SUBSTITUTE: UniOhm 0402WGF1273TCE is 10k-reel-only on Mouser; 1% 0402 thick-film equivalent
R1,1,12k,R_0402_1005Metric,YAGEO,0402WGF1202TCE,303-0402WGF1202TCE,603-RC0402FR-0712KL,RC0402FR-0712KL,,417547,1,1,15,0.0090,0.13,20,0.0090,0.18,SUBSTITUTE: UniOhm 0402WGF1202TCE is 10k-reel-only on Mouser; 1% 0402 thick-film equivalent
R23,1,133k/1%,R_0402_1005Metric,YAGEO,RC0402FR-07133KL,603-RC0402FR-07133KL,603-RC0402FR-07133KL,RC0402FR-07133KL,,572692,1,1,15,0.0110,0.16,20,0.0110,0.22,
R42,1,150R,R_0402_1005Metric,Panasonic Industry,0402WGF1500TCE,303-0402WGF1500TCE,667-ERJ-2RKF1500X,ERJ-2RKF1500X,,198580,1,1,15,0.0190,0.28,20,0.0190,0.38,SUBSTITUTE: UniOhm 0402WGF1500TCE is 10k-reel-only on Mouser; 1% 0402 thick-film equivalent
R43,1,150R/0.5W,R_0402_1005Metric,Panasonic Industry,ERJPA2F1500X,667-ERJ-PA2F1500X,667-ERJ-PA2F1500X,ERJ-PA2F1500X,,15513,1,1,15,0.0720,1.08,20,0.0720,1.44,
R49,1,15k,R_0402_1005Metric,YAGEO,0402WGF1502TCE,303-0402WGF1502TCE,603-RC0402FR-0715KL,RC0402FR-0715KL,,1653932,1,1,15,0.0110,0.16,20,0.0110,0.22,SUBSTITUTE: UniOhm 0402WGF1502TCE is 10k-reel-only on Mouser; 1% 0402 thick-film equivalent
F1,1,1812L200/16GR,Fuse_1812L200,Littelfuse,1812L200/16GR,,576-1812L200/16DR,1812L200/16DR,,18264,1,1,7,1.0300,7.21,12,0.9500,11.40,"Mouser stocks /16DR, not /16GR: same 16 V 2 A device, different packaging suffix; confirm; MPN differs: schematic 1812L200/16GR vs Mouser 1812L200/16DR"
C26,1,18p,C_0402_1005Metric,YAGEO,CC402JRNPO9BN180,603-CC402JRNPO9BN180,603-CC402JRNPO9BN180,CC0402JRNPO9BN180,,237216,1,1,15,0.0280,0.42,20,0.0280,0.56,MPN differs: schematic CC402JRNPO9BN180 vs Mouser CC0402JRNPO9BN180
R14 R48,2,1k,R_0402_1005Metric,YAGEO,0402WGF1001TCE,303-0402WGF1001TCE,603-RC0402FR-071KL,RC0402FR-071KL,,3745823,1,1,20,0.0090,0.18,30,0.0090,0.27,SUBSTITUTE: UniOhm 0402WGF1001TCE is 10k-reel-only on Mouser; 1% 0402 thick-film equivalent
R28,1,1k96,R_0402_1005Metric,YAGEO,0402WGF1961TCE,303-0402WGF1961TCE,603-RC0402FR-071K96L,RC0402FR-071K96L,,11292,1,1,15,0.0090,0.13,20,0.0090,0.18,SUBSTITUTE: UniOhm 0402WGF1961TCE is 10k-reel-only on Mouser; 1% 0402 thick-film equivalent
C15 C47 C48 C50 C88,5,1n,C_0402_1005Metric,YAGEO,CC0402JRNPO9BN102,603-CC402JRNPO9BN102,603-CC402JRNPO9BN102,CC0402JRNPO9BN102,,37103,1,1,50,0.0520,2.60,60,0.0520,3.12,
C40 C41 C43 C45,4,1u,C_0402_1005Metric,Samsung Electro-Mechanics,CL05A105KA5NQNC,187-CL05A105KA5NQNC,187-CL05A105KA5NQNC,CL05A105KA5NQNC,,154661,1,1,30,0.1200,3.60,50,0.1200,6.00,
L9,1,1uH,SLO0520H1R0MTT,,SLO0520H1R0MTT,,,,,,,,7,,,12,,,Not on Mouser; needs a footprint-verified equivalent
L3,1,2.2 uH,L_TDK_SPM6530,TDK,SPM6530T-2R2M,652-SPM6530T-2R2M,810-SPM6530T-2R2M,SPM6530T-2R2M,,807,1,1,7,0.9800,6.86,12,0.8030,9.64,Schematic PN 652-SPM6530T-2R2M is not a Mouser number
L7,1,2.4nH,L_0603_1608Metric,Murata Electronics,LQW18AN2N4C8ZD,81-LQW18AN2N4C8ZD,81-LQW18AN2N4C8ZD,LQW18AN2N4C8ZD,,3487,1,1,15,0.1660,2.49,20,0.1660,3.32,
L5,1,20nH,L_0402_1005Metric,Coilcraft,0402HP-20NXGRW,994-0402HP-20NXGRW,994-0402HP-20NXGRW,0402HP-20NXGRW,,695,1,1,15,1.1900,17.85,20,1.1900,23.80,
FB1 FB2 FB3,3,220R,L_0805_2012Metric,Murata Electronics,BLM21PG221SN1D,81-BLM21P221SG,81-BLM21P221SG,BLM21PG221SN1D,,1163662,1,1,25,0.0630,1.57,35,0.0630,2.21,
R21,1,220k/1%,R_0402_1005Metric,YAGEO,0402WGF2203TCE,303-0402WGF2203TCE,603-RC0402FR-07220KL,RC0402FR-07220KL,,192122,1,1,15,0.0090,0.13,20,0.0090,0.18,SUBSTITUTE: UniOhm 0402WGF2203TCE is 10k-reel-only on Mouser; 1% 0402 thick-film equivalent
R2 R31,2,22k,R_0402_1005Metric,YAGEO,0402WGF2202TCE,303-0402WGF2202TCE,603-RC0402FR-0722KL,RC0402FR-0722KL,,245959,1,1,20,0.0090,0.18,30,0.0090,0.27,SUBSTITUTE: UniOhm 0402WGF2202TCE is 10k-reel-only on Mouser; 1% 0402 thick-film equivalent
C27,1,22p,C_0402_1005Metric,YAGEO,CC0402JRNPO9BN220,603-CC402JRNPO9BN220,603-CC402JRNPO9BN220,CC0402JRNPO9BN220,,467574,1,1,15,0.0270,0.40,20,0.0270,0.54,
C11 C28 C29 C30 C31,5,22u,C_1206_3216Metric,Samsung Electro-Mechanics,CL31B226KPHNNNE,187-CL31B226KPHNNNE,187-CL31B226KPHNNNE,CL31B226KPHNNNE,,158357,1,1,30,0.3050,9.15,55,0.2280,12.54,
L6,1,23nH,0908SQ-23N,Coilcraft,XR0908SQ-23NJLC,,994-0908SQ-23NJLC,0908SQ-23NJLC,,9466,1,1,7,1.9600,13.72,12,1.6700,20.04,"Schematic MPN has an ""XR"" prefix; Mouser part is 0908SQ-23NJLC; MPN differs: schematic XR0908SQ-23NJLC vs Mouser 0908SQ-23NJLC"
C12 C66,2,27p,C_0402_1005Metric,YAGEO,CC0402JRNPO9BN270,603-CC402JRNPO9BN270,603-AC0402JRNP9BN270,AC0402JRNPO9BN270,,12449,1,1,20,0.0500,1.00,30,0.0500,1.50,SUBSTITUTE: Yageo automotive grade of the same 27 pF C0G 5% part (CC0402JRNPO9BN270: on order only)
J2,1,2S Battery,Connector_01x03_BT-003E,,,,,,,,,,7,,,12,,,Hand-fit; salvage from C62 or JBL-EC BT-003BE
R27 R52,2,2k,R_0402_1005Metric,YAGEO,0402WGF2001TCE,303-0402WGF2001TCE,603-RC0402FR-072KL,RC0402FR-072KL,,1715607,1,1,20,0.0110,0.22,30,0.0110,0.33,SUBSTITUTE: UniOhm 0402WGF2001TCE is 10k-reel-only on Mouser; 1% 0402 thick-film equivalent
C16 C19 C36 C37,4,2u2,C_0402_1005Metric,Samsung Electro-Mechanics,CL05A225KO5NQNC,187-CL05A225KO5NQNC,187-CL05A225MO5NQNC,CL05A225MO5NQNC,,50172,1,1,30,0.0710,2.13,50,0.0710,3.55,"SUBSTITUTE: Same Samsung family, 20% instead of 10% (CL05A225KO5NQNC: 0 stock)"
R22 R24,2,30k/1%,R_0402_1005Metric,YAGEO,0402WGF3002TCE,303-0402WGF3002TCE,603-RC0402FR-0730KL,RC0402FR-0730KL,,317670,1,1,20,0.0110,0.22,30,0.0110,0.33,SUBSTITUTE: UniOhm 0402WGF3002TCE is 10k-reel-only on Mouser; 1% 0402 thick-film equivalent
R69,1,30k1,R_0402_1005Metric,YAGEO,0402WGF3012TCE,303-0402WGF3012TCE,603-RC0402FR-0730K1L,RC0402FR-0730K1L,,479884,1,1,15,0.0090,0.13,20,0.0090,0.18,SUBSTITUTE: UniOhm 0402WGF3012TCE is 10k-reel-only on Mouser; 1% 0402 thick-film equivalent
Y1,1,32MHz,Crystal_SMD_2016-4Pin_2.0x1.6mm,ECS,ECS-TXO-20CSMV4-320-AY-TR,520-TX20CSMV4320AYTR,520-TX20CSMV4320AYTR,ECS-TXO-20CSMV4-320-AY-TR,,5844,1,1,7,1.7100,11.97,12,1.4900,17.88,
C52 C54 C56,3,33p,C_0402_1005Metric,Murata Electronics,GJM1555C1H330FB01D,81-GJM1555C1H330FB1D,81-GJM1555C1H330GB1D,GJM1555C1H330GB01D,,438,1,1,25,0.0750,1.88,50,0.0530,2.65,"SUBSTITUTE: RF: same Murata GJM high-Q series, 2% instead of 1% (FB01D: 0 stock); confirm acceptable"
L2,1,39n,L_0603_1608Metric,ABRACON,AISC-0603-R039J-T,815-AISC-0603-R039-J,815-AISC-0603-R039-J,AISC-0603-R039J-T,,5550,1,1,15,0.2350,3.52,20,0.2350,4.70,
C67,1,3p,C_0402_1005Metric,Murata Electronics,GJM1555C1H3R0BB01D,81-GJM1555C1H3R0BB01,81-GJM1555C1H3R0BB01,GJM1555C1H3R0BB01D,,221571,1,1,15,0.0540,0.81,20,0.0540,1.08,
L4,1,4.7 uH,L_Bourns-SRN6028C,Bourns,SRN6028C-4R7M,652-SRN6028C-4R7M,652-SRN6028C-4R7M,SRN6028C-4R7M,,2388,1,1,7,0.4000,2.80,12,0.3250,3.90,
C39 C42,2,470p,C_0402_1005Metric,YAGEO,CC0402JRNPO9BN471,603-CC402JRNPO9BN471,603-CC402JRNPO9BN471,CC0402JRNPO9BN471,,138072,1,1,20,0.0540,1.08,30,0.0540,1.62,
R25 R26 R35 R39 R44,5,47k,R_0402_1005Metric,YAGEO,0402WGF4702TCE,303-0402WGF4702TCE,603-RC0402FR-0747KL,RC0402FR-0747KL,,1339237,1,1,35,0.0110,0.38,60,0.0110,0.66,SUBSTITUTE: UniOhm 0402WGF4702TCE is 10k-reel-only on Mouser; 1% 0402 thick-film equivalent
C68 C69,2,47n,C_0402_1005Metric,YAGEO,CL05B473KO5NNNC,187-CL05B473KO5NNNC,603-CC402KRX7R7BB473,CC0402KRX7R7BB473,,56451,1,1,20,0.0310,0.62,30,0.0310,0.93,SUBSTITUTE: 47 nF 16 V X7R 0402 (CL05B473KO5NNNC: 0 stock)
R46 R47,2,5k1,R_0402_1005Metric,YAGEO,0402WGF5101TCE,303-0402WGF5101TCE,603-RC0402FR-075K1L,RC0402FR-075K1L,,1012805,1,1,20,0.0110,0.22,30,0.0110,0.33,SUBSTITUTE: UniOhm 0402WGF5101TCE is 10k-reel-only on Mouser; 1% 0402 thick-film equivalent
R68,1,5k23,R_0402_1005Metric,YAGEO,0402WGF5231TCE,303-0402WGF5231TCE,603-RC0402FR-075K23L,RC0402FR-075K23L,,82881,1,1,15,0.0090,0.13,20,0.0090,0.18,SUBSTITUTE: UniOhm 0402WGF5231TCE is 10k-reel-only on Mouser; 1% 0402 thick-film equivalent
R29,1,6k04,R_0402_1005Metric,Panasonic Industry,0402WGF6041TCE,303-0402WGF6041TCE,667-ERJ-2RKF6041X,ERJ-2RKF6041X,,51809,1,1,15,0.0190,0.28,20,0.0190,0.38,SUBSTITUTE: UniOhm 0402WGF6041TCE is 10k-reel-only on Mouser; 1% 0402 thick-film equivalent
R64,1,6k04/1%,R_0402_1005Metric,Panasonic Industry,0402WGF6041TCE,303-0402WGF6041TCE,667-ERJ-2RKF6041X,ERJ-2RKF6041X,,51809,1,1,15,0.0190,0.28,20,0.0190,0.38,SUBSTITUTE: UniOhm 0402WGF6041TCE is 10k-reel-only on Mouser; 1% 0402 thick-film equivalent
C58,1,6p8,C_0402_1005Metric,Murata Electronics,GJM1555C1H6R8BB01D,81-GJM1555C1H6R8BB1D,81-GJM1555C1H6R8BB1D,GJM1555C1H6R8BB01D,,98260,1,1,15,0.0370,0.55,20,0.0370,0.74,
L1,1,82n,L_0603_1608Metric,ABRACON,AISC-0603-R082J-T,815-AISC-0603-R082-J,815-AISC-0603-R082-J,AISC-0603-R082J-T,,5052,1,1,15,0.2340,3.51,20,0.2340,4.68,
U14,1,ATtiny826,VQFN-20-1EP_3x3mm_P0.4mm_EP1.7x1.7mm,Microchip Technology,ATTINY826-MU,579-ATTINY826-MU,579-ATTINY826-MU,ATTINY826-MU,,1021,1,1,7,0.8600,6.02,12,0.8600,10.32,
U12,1,BQ25792RQMR,QFN-29_L4.0-W4.0-P0.40-TL-BQ25792RQMR,Texas Instruments,BQ25792RQMR,595-BQ25792RQMR,595-BQ25792RQMR,BQ25792RQMR,,34,1,1,5,7.3600,36.80,10,5.6700,56.70,
Q2 Q3 Q4 Q5 Q6,5,BSS138,SOT-23,Diodes Incorporated,BSS138-7-F,621-BSS138-7-F,621-BSS138-7-F,BSS138-7-F,,1240572,1,1,27,0.1200,3.24,52,0.1200,6.24,
J4,1,Conn_Coaxial,Connector_ufl_1909763-1,TE Connectivity / AMP,1909763-1,571-1909763-1,571-1909763-1,1909763-1,,181146,1,1,7,0.5400,3.78,12,0.4590,5.51,
U7,1,GRF5604,QFN-16-1EP_3x3mm_P0.5mm_EP1.7x1.7mm_ThermalVias,Guerrilla RF,GRF5604,459-GRF5604,459-GRF5604,GRF5604,,0,1,1,5,6.0200,30.10,10,4.5900,45.90,Stock 0 < order 5 for 5 boards; Stock 0 < order 10 for 10 boards
J11,1,Keyboard,FPC-SMD_P0.50-16P_FGS-XJ-H2.0,Hirose Connector,FH12-16S-0.5SH(55),798-FH12-16S-05SH55,798-FH12-16S-05SH55,FH12-16S-0.5SH(55),,3374,1,1,7,2.0000,14.00,12,1.7100,20.52,
D5,1,LED Green,LED_0402_1005Metric,Bivar,SM0402GC,749-SM0402GC,749-SM0402GC,SM0402GC,,21724,1,1,15,0.4520,6.78,20,0.4520,9.04,
D4,1,LED Red,LED_0402_1005Metric,Bivar,SM0402RC,749-SM0402RC,749-SM0402RC,SM0402RC,,13269,1,1,15,0.4720,7.08,20,0.4720,9.44,
FL1,1,LFCN-490+,Filter_Mini-Circuits_FV1206,Mini-Circuits,LFCN-490+,139-LFCN-490,139-LFCN-490,LFCN-490+,,2499,1,1,5,5.4000,27.00,10,5.4000,54.00,
U13,1,LG77L,LG77L,Quectel,LG77LICMD,277-LG77LICMD,277-LG77LICMD,LG77LICMD,,1021,1,1,5,9.5900,47.95,10,8.3300,83.30,
U1,1,MCM-iMX93,MCM-iMX93,,MCM-iMX93-C1700D-D2-N32,,,,,,,,7,,,12,,,CompuLab direct (consigned)
U5,1,MCP1703Ax-330xxTT,SOT-23,Microchip Technology,MCP1703AT-3302E/CB,579-MCP1703AT3302ECB,579-MCP1703AT3302ECB,MCP1703AT-3302E/CB,,6938,1,1,7,0.7500,5.25,12,0.7500,9.00,
U11 U2,2,PE4312,QFN-20-1EP_4x4mm_P0.5mm_EP2.5x2.5mm,pSemi,PE4312C-Z,81-PE4312C-Z,81-PE4312C-Z,PE4312C-Z,,39115,1,1,12,3.6100,43.32,22,3.6100,79.42,
D8,1,RB751S40,D_SOD-523,onsemi,RB751S40T1G,863-RB751S40T1G,863-RB751S40T1G,RB751S40T1G,,66405,1,1,10,0.1320,1.32,12,0.1320,1.58,
Q1,1,SI23333,SOT-23,Vishay / Siliconix,SI2333,78-SI2333DDS-T1-BE3,78-SI2333CDS-T1-BE3,SI2333CDS-T1-BE3,,104789,1,1,10,0.5600,5.60,12,0.5600,6.72,"SUBSTITUTE: Vishay sibling: 12 V, 5.1 A, 35 mOhm at 4.5 V, SOT-23 (SI2333DDS: 260-day lead)"
U9,1,SKY13330-397LF,QFN-12_L2.0-W2.0-P0.50-BL-EP0.8,"Skyworks Solutions, Inc.",SKY13330-397LF,873-SKY13330-397LF,873-SKY13330-397LF,SKY13330-397LF,,92212,1,1,7,0.9400,6.58,12,0.6700,8.04,
IC1,1,SX1255IWLTRT,QFN50P500X500X80-33N-D,Semtech,SX1255IWLTRT,947-SX1255IWLTRT,947-SX1255IWLTRT,SX1255IWLTRT,,2518,1,1,5,13.4500,67.25,10,10.8500,108.50,
U10,1,TLV320AIC3100,VQFN-32-1EP_5x5mm_P0.5mm_EP3.5x3.5mm,Texas Instruments,TLV320AIC3100IRHBR,595-V320AIC3100IRHBR,595-V320AIC3100IRHBR,TLV320AIC3100IRHBR,,26,1,1,7,3.9200,27.44,12,2.9300,35.16,
U6,1,TLV74018PDBVR,SOT-23-5,Texas Instruments,TLV74018PDBVR,595-TLV74018PDBVR,595-TLV74018PDBVR,TLV74018PDBVR,,6311,1,1,10,0.0690,0.69,12,0.0690,0.83,
U4,1,TPS562203,SOT-563,Texas Instruments,TPS562203DRLR,595-TPS562203DRLR,595-TPS562203DRLR,TPS562203DRLR,,11780,1,1,10,0.2110,2.11,12,0.2110,2.53,
U3,1,TPS565242,SOT-563,Texas Instruments,TPS565242DRLR,595-TPS565242DRLR,595-TPS565242DRLR,TPS565242DRLR,,132,1,1,7,0.6900,4.83,12,0.4870,5.84,
U8,1,USBLC6-2SC6,SOT-23-6,STMicroelectronics,USBLC6-2-SC6,511-USBLC6-2SC6,511-USBLC6-2SC6,USBLC6-2SC6,,42861,1,1,10,0.2870,2.87,12,0.2870,3.44,
J12,1,USB_C,USB_C_Receptacle_HRO_TYPE-C-31-M-12,,TYPE-C-31-M-12,,,,,,,,7,,,12,,,Not on Mouser; HRO part is sold by LCSC. Needs a footprint-verified US equivalent
